word,word_count
covid-19,454
vaccine,442
covid,304
coronavirus,153
new,134
people,111
vaccines,102
vaccinated,78
pandemic,76
virus,73
mask,73
says,71
health,66
cases,62
u.s,62
cdc,62
variant,60
california,59
study,59
pfizer,57
vaccination,54
moderna,51
variants,50
dose,50
johnson,48
biden,47
states,46
masks,43
help,41
doses,39
question,39
texas,39
test,38
deaths,38
fauci,37
just,36
effective,36
state,34
need,34
does,34
americans,34
million,33
year,32
time,31
data,30
getting,30
positive,30
shot,29
uk,29
effects,28
news,28
got,27
death,27
say,27
testing,27
schools,26
long,26
home,26
immunity,25
know,25
travel,25
like,24
michigan,24
end,24
mandate,23
workers,23
adults,23
it's,23
surge,23
spread,23
i’m,23
public,23
shows,23
vaccinations,22
eligible,22
county,22
second,22
south,21
going,21
jandj,20
100,20
fully,20
best,20
rate,20
tested,19
patients,19
right,19
nursing,19
10,19
symptoms,19
safe,19
work,18
today,18
york,18
make,18
response,18
think,17
don’t,17
week,17
live,17
